name,price_raw,price,discount_raw,discount,rating_raw,release_date_raw,release_date,category_raw,detail_url,scraped_at
RaceLineCalc,"₩ 13,600",13600,-15%,0.15,,2026년 9월 27일,2026.09.27,,https://store.steampowered.com/app/5233060/RaceLineCalc/?snr=1_7_7_230_150_1,2026-09-28 10:20:36
HUMAN INTELLIGENCE,"₩ 5,450",5450,,,,2026년 9월 27일,2026.09.27,,https://store.steampowered.com/app/5054370/HUMAN_INTELLIGENCE/?snr=1_7_7_230_150_1,2026-09-28 10:20:36
MECCHA OCTOPUS Demo,무료,무료,,,,2026년 9월 27일,2026.09.27,,https://store.steampowered.com/app/5257990/MECCHA_OCTOPUS_Demo/?snr=1_7_7_230_150_1,2026-09-28 10:20:36
Project DevourSlime,"₩ 3,960",3960,-10%,0.1,,2026년 9월 27일,2026.09.27,,https://store.steampowered.com/app/3263880/_Project_DevourSlime/?snr=1_7_7_230_150_1,2026-09-28 10:20:36
Nova Slash Demo,무료,무료,,,,2026년 9월 27일,2026.09.27,,https://store.steampowered.com/app/5305490/Nova_Slash_Demo/?snr=1_7_7_230_150_1,2026-09-28 10:20:36
Nocturne Soundtrack,"₩ 10,500",10500,,,,2026년 9월 27일,2026.09.27,,https://store.steampowered.com/app/5171680/Nocturne_Soundtrack/?snr=1_7_7_230_150_1,2026-09-28 10:20:36
Restore The Internet Demo,무료,무료,,,,2026년 9월 27일,2026.09.27,,https://store.steampowered.com/app/5233980/Restore_The_Internet_Demo/?snr=1_7_7_230_150_1,2026-09-28 10:20:36
Deckforce Demo,무료,무료,,,,2026년 9월 27일,2026.09.27,,https://store.steampowered.com/app/4990070/Deckforce/?snr=1_7_7_230_150_1,2026-09-28 10:20:36
Mega Merge,"₩ 6,080",6080,-20%,0.2,,2026년 9월 27일,2026.09.27,,https://store.steampowered.com/app/2750230/Mega_Merge/?snr=1_7_7_230_150_1,2026-09-28 10:20:36
방긋방긋 작은 가게 Demo,무료,무료,,,,2026년 9월 27일,2026.09.27,,https://store.steampowered.com/app/5252620/___Demo/?snr=1_7_7_230_150_1,2026-09-28 10:20:36
Sort The Bunnies Demo,무료,무료,,,,2026년 9월 27일,2026.09.27,,https://store.steampowered.com/app/5294940/Sort_The_Bunnies_Demo/?snr=1_7_7_230_150_1,2026-09-28 10:20:36
Shopping Cart Pusher,"₩ 6,550",6550,,,,2026년 9월 27일,2026.09.27,,https://store.steampowered.com/app/4038570/Shopping_Cart_Pusher/?snr=1_7_7_230_150_1,2026-09-28 10:20:36
Neighbor Craft Demo,무료,무료,,,,2026년 9월 27일,2026.09.27,,https://store.steampowered.com/app/5165540/Neighbor_Craft_Demo/?snr=1_7_7_230_150_1,2026-09-28 10:20:36
Isekai Rift,"₩ 10,800",10800,-10%,0.1,,2026년 9월 27일,2026.09.27,,https://store.steampowered.com/app/4384100/Isekai_Rift/?snr=1_7_7_230_150_1,2026-09-28 10:20:36
The Crunch Point,"₩ 2,920",2920,-10%,0.1,,2026년 9월 27일,2026.09.27,,https://store.steampowered.com/app/4918820/The_Crunch_Point/?snr=1_7_7_230_150_1,2026-09-28 10:20:36
연운 - [오동나무의 울림] 패키지,"₩ 29,100",29100,-40%,0.4,,2026년 9월 27일,2026.09.27,,https://store.steampowered.com/app/5246160/_/?snr=1_7_7_230_150_1,2026-09-28 10:20:36
The Hidden Camp - B-Duke & Dance Music,"₩ 2,250",2250,,,,2026년 9월 27일,2026.09.27,,https://store.steampowered.com/app/5283070/The_Hidden_Camp__BDuke__Dance_Music/?snr=1_7_7_230_150_1,2026-09-28 10:20:36
The Hidden Camp - Bluezy & Dance Music,"₩ 2,250",2250,,,,2026년 9월 27일,2026.09.27,,https://store.steampowered.com/app/5283080/The_Hidden_Camp__Bluezy__Dance_Music/?snr=1_7_7_230_150_1,2026-09-28 10:20:36
The Hidden Camp - Durin & Dance Music,"₩ 2,250",2250,,,,2026년 9월 27일,2026.09.27,,https://store.steampowered.com/app/5283090/The_Hidden_Camp__Durin__Dance_Music/?snr=1_7_7_230_150_1,2026-09-28 10:20:36
Tiny Desktop Birds,"₩ 3,300",3300,,,,2026년 9월 27일,2026.09.27,,https://store.steampowered.com/app/4923700/Tiny_Desktop_Birds/?snr=1_7_7_230_150_1,2026-09-28 10:20:36
SMS Returns,"₩ 9,000",9000,-10%,0.1,,2026년 9월 27일,2026.09.27,,https://store.steampowered.com/app/4670920/SMS_Returns/?snr=1_7_7_230_150_1,2026-09-28 10:20:36
증강 윷놀이 - 무지개 이름,"₩ 5,450",5450,,,,2026년 9월 27일,2026.09.27,,https://store.steampowered.com/app/5313840/_/?snr=1_7_7_230_150_1,2026-09-28 10:20:36
山海引擎 - 地球扩展包,무료,무료,,,,2026년 9월 27일,2026.09.27,,https://store.steampowered.com/app/5151060/_/?snr=1_7_7_230_150_1,2026-09-28 10:20:36
TerraNova Engine,무료,무료,,,,2026년 9월 27일,2026.09.27,,https://store.steampowered.com/app/5098440/TerraNova_Engine/?snr=1_7_7_230_150_1,2026-09-28 10:20:36
Space Cat Digger Demo,무료,무료,,,,2026년 9월 26일,2026.09.26,,https://store.steampowered.com/app/5291170/Space_Cat_Digger_Demo/?snr=1_7_7_230_150_2,2026-09-28 10:20:38
Captive 3000 Main Floors Soundtrack,"₩ 5,450",5450,,,,2026년 9월 26일,2026.09.26,,https://store.steampowered.com/app/5174410/Captive_3000_Main_Floors_Soundtrack/?snr=1_7_7_230_150_2,2026-09-28 10:20:38
Golden Goblin Player,"₩ 14,400",14400,-10%,0.1,,2026년 9월 26일,2026.09.26,,https://store.steampowered.com/app/5214410/Golden_Goblin_Player/?snr=1_7_7_230_150_2,2026-09-28 10:20:38
물고기를 쏴라 Demo,무료,무료,,,,2026년 9월 26일,2026.09.26,,https://store.steampowered.com/app/5260700/__Demo/?snr=1_7_7_230_150_2,2026-09-28 10:20:38
미의 선,"₩ 7,800",7800,,,,2026년 9월 26일,2026.09.26,,https://store.steampowered.com/app/3409390/_/?snr=1_7_7_230_150_2,2026-09-28 10:20:38
매력 폭동,"₩ 11,000",11000,,,,2026년 9월 26일,2026.09.26,,https://store.steampowered.com/app/3557370/_/?snr=1_7_7_230_150_2,2026-09-28 10:20:38
NucleoSynthetica,"₩ 3,960",3960,-10%,0.1,,2026년 9월 26일,2026.09.26,,https://store.steampowered.com/app/5124550/NucleoSynthetica/?snr=1_7_7_230_150_2,2026-09-28 10:20:38
Tactica Arena Demo,무료,무료,,,,2026년 9월 26일,2026.09.26,,https://store.steampowered.com/app/5189140/Tactica_Arena_Demo/?snr=1_7_7_230_150_2,2026-09-28 10:20:38
Break the Piñatas Demo,무료,무료,,,,2026년 9월 26일,2026.09.26,,https://store.steampowered.com/app/5211050/Break_the_Pinatas_Demo/?snr=1_7_7_230_150_2,2026-09-28 10:20:38
트로피컬 로맨스 Demo,무료,무료,,,,2026년 9월 26일,2026.09.26,,https://store.steampowered.com/app/4821990/_/?snr=1_7_7_230_150_2,2026-09-28 10:20:38
Hexa-Gone Soundtrack,"₩ 3,300",3300,,,,2026년 9월 26일,2026.09.26,,https://store.steampowered.com/app/5015040/HexaGone_Soundtrack/?snr=1_7_7_230_150_2,2026-09-28 10:20:38
진짜 퍼즐 — 라군,"₩ 2,970",2970,-10%,0.1,,2026년 9월 26일,2026.09.26,,https://store.steampowered.com/app/5309750/_/?snr=1_7_7_230_150_2,2026-09-28 10:20:38
Happy Pet Island,무료,무료,,,복합적<br>이 게임에 대한 사용자 평가 10개 중 50%가 긍정적입니다.,2026년 9월 26일,2026.09.26,,https://store.steampowered.com/app/4273090/Happy_Pet_Island/?snr=1_7_7_230_150_2,2026-09-28 10:20:38
Expedition Bonk Demo,무료,무료,,,,2026년 9월 26일,2026.09.26,,https://store.steampowered.com/app/4883870/Expedition_Bonk/?snr=1_7_7_230_150_2,2026-09-28 10:20:38
Horde Slayer,"₩ 2,600",2600,-20%,0.2,,2026년 9월 26일,2026.09.26,,https://store.steampowered.com/app/3778250/Horde_Slayer/?snr=1_7_7_230_150_2,2026-09-28 10:20:38
동물 미니마트 - 서포터 팩,"₩ 2,250",2250,,,,2026년 9월 26일,2026.09.26,,https://store.steampowered.com/app/5278720/_/?snr=1_7_7_230_150_2,2026-09-28 10:20:38
我在地狱等着你 Soundtrack,무료,무료,,,,2026년 9월 26일,2026.09.26,,https://store.steampowered.com/app/5243080/_Soundtrack/?snr=1_7_7_230_150_2,2026-09-28 10:20:38
Tidy Up Mall Demo,무료,무료,,,,2026년 9월 26일,2026.09.26,,https://store.steampowered.com/app/3850570/Tidy_Up_Mall_Demo/?snr=1_7_7_230_150_2,2026-09-28 10:20:38
들어와버렸다 Demo,무료,무료,,,,2026년 9월 26일,2026.09.26,,https://store.steampowered.com/app/5011570/_Demo/?snr=1_7_7_230_150_2,2026-09-28 10:20:38
Statue Gallery: Back in One Piece Demo,무료,무료,,,,2026년 9월 26일,2026.09.26,,https://store.steampowered.com/app/5045910/Statue_Gallery_Back_in_One_Piece/?snr=1_7_7_230_150_2,2026-09-28 10:20:38
Goblin Dodge Demo,무료,무료,,,,2026년 9월 26일,2026.09.26,,https://store.steampowered.com/app/5077170/Goblin_Dodge/?snr=1_7_7_230_150_2,2026-09-28 10:20:38
Scratch Tickets With Your Friends 🎰,"₩ 6,430",6430,-31%,0.31,대체로 긍정적<br>이 게임에 대한 사용자 평가 68개 중 73%가 긍정적입니다.,2026년 9월 26일,2026.09.26,,https://store.steampowered.com/app/5148990/Scratch_Tickets_With_Your_Friends/?snr=1_7_7_230_150_2,2026-09-28 10:20:38
Neboslav Demo,무료,무료,,,,2026년 9월 26일,2026.09.26,,https://store.steampowered.com/app/5238230/Neboslav_Demo/?snr=1_7_7_230_150_2,2026-09-28 10:20:38
황제펭귄 습격 사건 보고서,무료,무료,,,,2026년 9월 25일,2026.09.25,,https://store.steampowered.com/app/5188690/_/?snr=1_7_7_230_150_2,2026-09-28 10:20:38
Paint Gang Demo,무료,무료,,,,2026년 9월 25일,2026.09.25,,https://store.steampowered.com/app/5152700/Paint_Gang/?snr=1_7_7_230_150_2,2026-09-28 10:20:38
